{"stats":{"minecraft:killed":{"minecraft:trader_llama":2,"minecraft:wandering_trader":1},"minecraft:dropped":{"minecraft:sandstone":1},"minecraft:picked_up":{"minecraft:black_stained_glass":1,"minecraft:sandstone":2,"minecraft:repeater":16,"minecraft:lead":4,"minecraft:target":64,"minecraft:redstone":642,"minecraft:quartz_block":2,"minecraft:quartz_slab":2,"minecraft:white_stained_glass":1,"minecraft:oak_sign":9,"minecraft:writable_book":1,"minecraft:lever":10,"minecraft:netherite_sword":1,"minecraft:redstone_torch":91,"minecraft:lectern":1},"minecraft:custom":{"minecraft:time_since_rest":8400,"minecraft:sprint_one_cm":112149,"minecraft:walk_one_cm":1209255,"minecraft:mob_kills":3,"minecraft:drop":1,"minecraft:damage_dealt":700,"minecraft:fly_one_cm":1136343,"minecraft:crouch_one_cm":27132,"minecraft:play_time":281564,"minecraft:deaths":1,"minecraft:sneak_time":11759,"minecraft:interact_with_lectern":7,"minecraft:jump":2047,"minecraft:leave_game":3,"minecraft:time_since_death":8369,"minecraft:total_world_time":309845},"minecraft:used":{"minecraft:redstone_torch":154,"minecraft:sticky_piston":1,"minecraft:lever":24,"minecraft:netherite_sword":7,"minecraft:writable_book":54,"minecraft:warped_trapdoor":9,"minecraft:quartz_slab":185,"minecraft:redstone":2921,"minecraft:quartz_block":1542,"minecraft:oak_sign":43,"minecraft:lectern":50,"minecraft:sandstone":87,"minecraft:glow_ink_sac":8,"minecraft:glowstone":4,"minecraft:redstone_lamp":25,"minecraft:repeater":337,"minecraft:target":1,"minecraft:black_stained_glass":262,"minecraft:white_stained_glass":3114}},"DataVersion":3465}